-- phpMyAdmin SQL Dump
-- version 4.8.4
-- https://www.phpmyadmin.net/
--
-- Host: 127.0.0.1
-- Generation Time: Mar 18, 2019 at 04:48 PM
-- Server version: 10.1.37-MariaDB
-- PHP Version: 7.3.0

SET FOREIGN_KEY_CHECKS=0;
SET SQL_MODE = "NO_AUTO_VALUE_ON_ZERO";
SET time_zone = "+00:00";


/*!40101 SET @OLD_CHARACTER_SET_CLIENT=@@CHARACTER_SET_CLIENT */;
/*!40101 SET @OLD_CHARACTER_SET_RESULTS=@@CHARACTER_SET_RESULTS */;
/*!40101 SET @OLD_COLLATION_CONNECTION=@@COLLATION_CONNECTION */;
/*!40101 SET NAMES utf8mb4 */;

--
-- Database: `caisse`
--
CREATE DATABASE IF NOT EXISTS `caisse` DEFAULT CHARACTER SET latin1 COLLATE latin1_swedish_ci;
USE `caisse`;

-- --------------------------------------------------------

--
-- Table structure for table `categorie`
--

CREATE TABLE `categorie` (
  `ID` bigint(20) NOT NULL,
  `LIBELLE` varchar(255) DEFAULT NULL
) ENGINE=InnoDB DEFAULT CHARSET=latin1;

--
-- Dumping data for table `categorie`
--

INSERT INTO `categorie` (`ID`, `LIBELLE`) VALUES
(2, 'sandwishes'),
(3, 'drinks'),
(651, 'gateaux'),
(805, 'pizza');

-- --------------------------------------------------------

--
-- Table structure for table `commande`
--

CREATE TABLE `commande` (
  `ID` bigint(20) NOT NULL,
  `DATE` longblob,
  `TIME` longblob,
  `TOTAL` double DEFAULT NULL
) ENGINE=InnoDB DEFAULT CHARSET=latin1;

--
-- Dumping data for table `commande`
--

INSERT INTO `commande` (`ID`, `DATE`, `TIME`, `TOTAL`) VALUES
(101, 0xaced00057372000d6a6176612e74696d652e536572955d84ba1b2248b20c00007870770703000007e3031178, 0xaced00057372000d6a6176612e74696d652e536572955d84ba1b2248b20c00007870770804172b2110ed7f0078, 3270),
(151, 0xaced00057372000d6a6176612e74696d652e536572955d84ba1b2248b20c00007870770703000007e3031278, 0xaced00057372000d6a6176612e74696d652e536572955d84ba1b2248b20c000078707708040a2d040baeb90078, 2025),
(201, 0xaced00057372000d6a6176612e74696d652e536572955d84ba1b2248b20c00007870770703000007e3031278, 0xaced00057372000d6a6176612e74696d652e536572955d84ba1b2248b20c000078707708040c2009255f42c078, 1050),
(251, 0xaced00057372000d6a6176612e74696d652e536572955d84ba1b2248b20c00007870770703000007e3031278, 0xaced00057372000d6a6176612e74696d652e536572955d84ba1b2248b20c000078707708040c251518f96ec078, 400),
(301, 0xaced00057372000d6a6176612e74696d652e536572955d84ba1b2248b20c00007870770703000007e3031278, 0xaced00057372000d6a6176612e74696d652e536572955d84ba1b2248b20c000078707708040c2b162c95930078, 1172),
(305, 0xaced00057372000d6a6176612e74696d652e536572955d84ba1b2248b20c00007870770703000007e3031278, 0xaced00057372000d6a6176612e74696d652e536572955d84ba1b2248b20c000078707708040c2b330989680078, 440),
(351, 0xaced00057372000d6a6176612e74696d652e536572955d84ba1b2248b20c00007870770703000007e3031278, 0xaced00057372000d6a6176612e74696d652e536572955d84ba1b2248b20c000078707708040c2f042ba16f0078, 129),
(401, 0xaced00057372000d6a6176612e74696d652e536572955d84ba1b2248b20c00007870770703000007e3031278, 0xaced00057372000d6a6176612e74696d652e536572955d84ba1b2248b20c000078707708040d06312512f78078, 292),
(451, 0xaced00057372000d6a6176612e74696d652e536572955d84ba1b2248b20c00007870770703000007e3031278, 0xaced00057372000d6a6176612e74696d652e536572955d84ba1b2248b20c000078707708040d29071cc9fec078, 60),
(501, 0xaced00057372000d6a6176612e74696d652e536572955d84ba1b2248b20c00007870770703000007e3031278, 0xaced00057372000d6a6176612e74696d652e536572955d84ba1b2248b20c000078707708040f10243ae3af0078, 898),
(551, 0xaced00057372000d6a6176612e74696d652e536572955d84ba1b2248b20c00007870770703000007e3031278, 0xaced00057372000d6a6176612e74696d652e536572955d84ba1b2248b20c000078707708040f2f2c04e3388078, 238),
(601, 0xaced00057372000d6a6176612e74696d652e536572955d84ba1b2248b20c00007870770703000007e3031278, 0xaced00057372000d6a6176612e74696d652e536572955d84ba1b2248b20c000078707708040f353b1c5f2f0078, 420),
(654, 0xaced00057372000d6a6176612e74696d652e536572955d84ba1b2248b20c00007870770703000007e3031278, 0xaced00057372000d6a6176612e74696d652e536572955d84ba1b2248b20c0000787077080410003b0839b68078, 205),
(701, 0xaced00057372000d6a6176612e74696d652e536572955d84ba1b2248b20c00007870770703000007e3031278, 0xaced00057372000d6a6176612e74696d652e536572955d84ba1b2248b20c00007870770804100322255f42c078, 286),
(751, 0xaced00057372000d6a6176612e74696d652e536572955d84ba1b2248b20c00007870770703000007e3031278, 0xaced00057372000d6a6176612e74696d652e536572955d84ba1b2248b20c000078707708041007292aea540078, 260),
(801, 0xaced00057372000d6a6176612e74696d652e536572955d84ba1b2248b20c00007870770703000007e3031278, 0xaced00057372000d6a6176612e74696d652e536572955d84ba1b2248b20c0000787077080410141f3a1d51c078, 510),
(807, 0xaced00057372000d6a6176612e74696d652e536572955d84ba1b2248b20c00007870770703000007e3031278, 0xaced00057372000d6a6176612e74696d652e536572955d84ba1b2248b20c0000787077080410173a0623a7c078, 7200),
(809, 0xaced00057372000d6a6176612e74696d652e536572955d84ba1b2248b20c00007870770703000007e3031278, 0xaced00057372000d6a6176612e74696d652e536572955d84ba1b2248b20c00007870770804101a13257dc74078, 480),
(851, 0xaced00057372000d6a6176612e74696d652e536572955d84ba1b2248b20c00007870770703000007e3031278, 0xaced00057372000d6a6176612e74696d652e536572955d84ba1b2248b20c00007870770804101e190393870078, 52),
(853, 0xaced00057372000d6a6176612e74696d652e536572955d84ba1b2248b20c00007870770703000007e3031278, 0xaced00057372000d6a6176612e74696d652e536572955d84ba1b2248b20c00007870770804101f322c1b810078, 390);

-- --------------------------------------------------------

--
-- Table structure for table `commandeitem`
--

CREATE TABLE `commandeitem` (
  `ID` bigint(20) NOT NULL,
  `PRIX` double DEFAULT NULL,
  `QTE` int(11) DEFAULT NULL,
  `TOTAL` double DEFAULT NULL,
  `COMMANDE_ID` bigint(20) DEFAULT NULL,
  `PRODUIT_ID` bigint(20) DEFAULT NULL
) ENGINE=InnoDB DEFAULT CHARSET=latin1;

--
-- Dumping data for table `commandeitem`
--

INSERT INTO `commandeitem` (`ID`, `PRIX`, `QTE`, `TOTAL`, `COMMANDE_ID`, `PRODUIT_ID`) VALUES
(102, 23, 10, 230, 101, 52),
(103, 30, 20, 600, 101, 53),
(104, 20, 50, 1000, 101, 51),
(105, 120, 12, 1440, 101, 55),
(152, 23, 5, 115, 151, 56),
(153, 23, 20, 460, 151, 56),
(154, 23, 50, 1150, 151, 52),
(155, 30, 10, 300, 151, 53),
(202, 26, 10, 260, 201, 56),
(203, 120, 5, 600, 201, 55),
(204, 20, 5, 100, 201, 51),
(205, 30, 3, 90, 201, 53),
(252, 20, 5, 100, 251, 51),
(253, 30, 2, 60, 251, 53),
(254, 60, 4, 240, 251, 54),
(302, 60, 12, 720, 301, 54),
(303, 120, 3, 360, 301, 55),
(304, 23, 4, 92, 301, 52),
(306, 20, 4, 80, 305, 51),
(307, 30, 6, 180, 305, 53),
(308, 30, 6, 180, 305, 53),
(352, 23, 3, 69, 351, 52),
(353, 30, 2, 60, 351, 53),
(402, 20, 3, 60, 401, 51),
(403, 30, 2, 60, 401, 53),
(404, 120, 1, 120, 401, 55),
(405, 26, 2, 52, 401, 56),
(452, 30, 2, 60, 451, 53),
(502, 60, 1, 60, 501, 54),
(503, 120, 6, 720, 501, 55),
(504, 20, 2, 40, 501, 51),
(505, 26, 3, 78, 501, 56),
(552, 20, 5, 100, 551, 51),
(553, 30, 2, 60, 551, 53),
(554, 26, 3, 78, 551, 56),
(602, 60, 1, 60, 601, 54),
(603, 120, 2, 240, 601, 55),
(604, 60, 2, 120, 601, 54),
(655, 25, 5, 125, 654, 653),
(656, 20, 2, 40, 654, 652),
(657, 20, 2, 40, 654, 51),
(702, 120, 2, 240, 701, 55),
(703, 23, 2, 46, 701, 52),
(752, 60, 1, 60, 751, 54),
(753, 20, 10, 200, 751, 652),
(802, 60, 2, 120, 801, 54),
(803, 30, 1, 30, 801, 53),
(804, 30, 12, 360, 801, 53),
(808, 80, 90, 7200, 807, 806),
(810, 80, 1, 80, 809, 806),
(811, 80, 2, 160, 809, 806),
(812, 80, 3, 240, 809, 806),
(852, 26, 2, 52, 851, 56),
(854, 30, 13, 390, 853, 53);

-- --------------------------------------------------------

--
-- Table structure for table `produit`
--

CREATE TABLE `produit` (
  `ID` bigint(20) NOT NULL,
  `LIBELLE` varchar(255) DEFAULT NULL,
  `PRIX` double DEFAULT NULL,
  `CATEGORIE_ID` bigint(20) DEFAULT NULL
) ENGINE=InnoDB DEFAULT CHARSET=latin1;

--
-- Dumping data for table `produit`
--

INSERT INTO `produit` (`ID`, `LIBELLE`, `PRIX`, `CATEGORIE_ID`) VALUES
(51, 'Cafe Latte', 20, 3),
(52, 'Americano', 23, 3),
(53, 'Hot Cocolate', 30, 3),
(54, 'Omelete', 60, 2),
(55, 'Burger', 120, 2),
(56, 'Orange', 26, 3),
(652, 'Cheesecake', 20, 651),
(653, 'Tarte', 20, 651),
(806, 'fruit de mer', 80, 805);

-- --------------------------------------------------------

--
-- Table structure for table `sequence`
--

CREATE TABLE `sequence` (
  `SEQ_NAME` varchar(50) NOT NULL,
  `SEQ_COUNT` decimal(38,0) DEFAULT NULL
) ENGINE=InnoDB DEFAULT CHARSET=latin1;

--
-- Dumping data for table `sequence`
--

INSERT INTO `sequence` (`SEQ_NAME`, `SEQ_COUNT`) VALUES
('SEQ_GEN', '900');

--
-- Indexes for dumped tables
--

--
-- Indexes for table `categorie`
--
ALTER TABLE `categorie`
  ADD PRIMARY KEY (`ID`);

--
-- Indexes for table `commande`
--
ALTER TABLE `commande`
  ADD PRIMARY KEY (`ID`);

--
-- Indexes for table `commandeitem`
--
ALTER TABLE `commandeitem`
  ADD PRIMARY KEY (`ID`),
  ADD KEY `FK_COMMANDEITEM_PRODUIT_ID` (`PRODUIT_ID`),
  ADD KEY `FK_COMMANDEITEM_COMMANDE_ID` (`COMMANDE_ID`);

--
-- Indexes for table `produit`
--
ALTER TABLE `produit`
  ADD PRIMARY KEY (`ID`),
  ADD KEY `FK_PRODUIT_CATEGORIE_ID` (`CATEGORIE_ID`);

--
-- Indexes for table `sequence`
--
ALTER TABLE `sequence`
  ADD PRIMARY KEY (`SEQ_NAME`);

--
-- Constraints for dumped tables
--

--
-- Constraints for table `commandeitem`
--
ALTER TABLE `commandeitem`
  ADD CONSTRAINT `FK_COMMANDEITEM_COMMANDE_ID` FOREIGN KEY (`COMMANDE_ID`) REFERENCES `commande` (`ID`),
  ADD CONSTRAINT `FK_COMMANDEITEM_PRODUIT_ID` FOREIGN KEY (`PRODUIT_ID`) REFERENCES `produit` (`ID`);

--
-- Constraints for table `produit`
--
ALTER TABLE `produit`
  ADD CONSTRAINT `FK_PRODUIT_CATEGORIE_ID` FOREIGN KEY (`CATEGORIE_ID`) REFERENCES `categorie` (`ID`);
SET FOREIGN_KEY_CHECKS=1;

/*!40101 SET CHARACTER_SET_CLIENT=@OLD_CHARACTER_SET_CLIENT */;
/*!40101 SET CHARACTER_SET_RESULTS=@OLD_CHARACTER_SET_RESULTS */;
/*!40101 SET COLLATION_CONNECTION=@OLD_COLLATION_CONNECTION */;
